file_name,category,subcategory,document_type,version,status,source_path,doc_id,effective_date,form_no,chunk_profile,bank_scope,category_secondary,notes
주택담보대출 상품설명서.pdf,LON,주택담보대출,상품설명서,v1,active,조회_설명서/대출/주택담보대출 상품설명서.pdf,LON-MTG-001,,,TBD,HANA,,미검토
주택담보대출 상품설명서(적격대출용).pdf,LON,주택담보대출,상품설명서,v1,active,조회_설명서/대출/주택담보대출 상품설명서(적격대출용).pdf,LON-MTG-002,,,TBD,HANA,,미검토
내집마련 디딤돌 대출 상품설명서.pdf,LON,주택담보대출,상품설명서,v1,active,조회_설명서/대출/내집마련 디딤돌 대출 상품설명서.pdf,LON-MTG-003,,,TBD,HANA,,미검토
보금자리론 설명서.pdf,LON,주택담보대출,설명서,v1,active,조회_설명서/대출/보금자리론 설명서.pdf,LON-MTG-004,,,TBD,HANA,,미검토
더나은 보금자리론 설명서.pdf,LON,주택담보대출,설명서,v1,active,조회_설명서/대출/더나은 보금자리론 설명서.pdf,LON-MTG-005,,,TBD,HANA,,미검토
대출거래 상품설명서(월상환액 고정형 주택담보대출용).pdf,LON,주택담보대출,상품설명서,v1,active,조회_설명서/대출/대출거래 상품설명서(월상환액 고정형 주택담보대출용).pdf,LON-MTG-006,,,TBD,HANA,,파일명 확인 필요
분양주택잔금대출 상품설명서.pdf,LON,주택담보대출,상품설명서,v1,active,조회_설명서/대출/분양주택잔금대출 상품설명서.pdf,LON-MTG-007,,,TBD,HANA,,미검토
주택도시기금대출(가계용) 상품설명서.pdf,LON,주택도시기금대출,상품설명서,v1,active,조회_설명서/대출/주택도시기금대출(가계용) 상품설명서.pdf,LON-MTG-008,,,TBD,HANA,,미검토
전세자금대출 상품설명서.pdf,LON,전세자금대출,상품설명서,v1,active,조회_설명서/대출/전세자금대출 상품설명서.pdf,LON-JEO-001,,,TBD,HANA,,미검토
가계대출 상품설명서.pdf,LON,가계대출,상품설명서,v1,active,조회_설명서/대출/가계대출 상품설명서.pdf,LON-HHL-001,2025-01,5-06-0618,numbered_section,HANA,,24면 중 12면 중복(은행보관용/고객교부용). 오토론과 본문 90퍼센트 동일
가계대출핵심상품설명서.pdf,LON,가계대출,핵심상품설명서,v1,review,조회_설명서/대출/가계대출핵심상품설명서.pdf,LON-HHL-002,2021-03,5-06-0899,callout_card,HANA,,상호참조 섹션번호 및 예시금액이 현행본과 불일치. 최신본 확보 전까지 review
가계대출 상품설명서(은행대리업용).pdf,LON,가계대출,상품설명서,v1,active,조회_설명서/대출/가계대출 상품설명서(은행대리업용).pdf,LON-HHL-003,2026-07,5-06-1198,numbered_section,KB|SHINHAN|WOORI|HANA,,4개은행 공동본. 타행 예외조항 필터 필요
가계대출 상품설명서 [1Q(원큐) 오토론].pdf,LON,오토론,상품설명서,v1,active,조회_설명서/대출/가계대출 상품설명서 [1Q(원큐) 오토론].pdf,LON-AUT-001,2025-01,3-06-0152,numbered_section,HANA,,24면 중 12면 중복
국군복지단 상생플러스론 상품설명서.pdf,LON,신용대출,상품설명서,v1,active,조회_설명서/대출/국군복지단 상생플러스론 상품설명서.pdf,LON-CRE-001,,,TBD,HANA,,미검토
기업대출상품설명서.pdf,LON,기업대출,상품설명서,v1,active,조회_설명서/대출/기업대출상품설명서.pdf,LON-COR-001,,,TBD,HANA,,미검토
동반성장론 상품설명서.pdf,LON,기업대출,상품설명서,v1,active,조회_설명서/대출/동반성장론 상품설명서.pdf,LON-COR-002,,,TBD,HANA,,미검토
대출 상품설명서(권유용).pdf,LON,공통대출,상품설명서,v1,active,조회_설명서/대출/대출 상품설명서(권유용).pdf,LON-CMN-001,,,TBD,HANA,,미검토
CD수익률설명서(여신거래용).pdf,LON,금리지표,설명서,v1,active,조회_설명서/대출/CD수익률설명서(여신거래용).pdf,LON-CMN-002,2025-03,5-06-1048,roman_article,HANA,,6면 중 3면 중복
(부록)대출상품 용어안내.pdf,LON,공통대출,용어집,v1,active,조회_설명서/대출/대출상품 용어안내.pdf,LON-CMN-GLOSSARY,2025-01,,glossary_row,HANA,,가계대출 3종 부록에서 추출한 공용 문서. 용어 1개당 1청크
주택청약종합저축.pdf,DEP,주택청약,상품설명서,v1,active,조회_설명서/예금/주택청약종합저축.pdf,DEP-SUB-001,2026-06,,labeled_table_row,HANA,,본문 2~6면. 거래조건표 25행 행단위 청킹. SG/세제 청크 오버라이드 필요. 전환신규 행 expiry 2026-09-30
주택청약종합저축.pdf,DEP,주택청약,요약상품설명서,v1,active,조회_설명서/예금/주택청약종합저축.pdf,DEP-SUB-001-SUM,2026-06,,labeled_table_row,HANA,,1면. summary_of=DEP-SUB-001. 이자계산 도식은 이미지라 텍스트 추출 불가
외화예금 거래기본약관.pdf,FX,외화예금,약관,v1,active,조회_설명서/외환/외화예금 거래기본약관.pdf,FX-DEP-001,2024-04,,article_clause,HANA,DEP,제1~13조. 표 없음. 제10조는 입출금이자유로운예금약관 준용 - 해당 약관 확보 필요
주택연금 사전예약 보금자리론 설명서.pdf,LON,주택담보대출,설명서,v1,active,조회_설명서/대출/주택연금 사전예약 보금자리론 설명서.pdf,LON-MTG-009,2026-05,5-06-0109,TBD,HANA,주택연금,14면 구성: 1면 Q&A 콜아웃(callout_card 검토) / 2~13면 본문 12개조(numbered_section) / 14면(14-13) 부록1 용어집(glossary_row) / 14면(14-14) 부록2 전입의무유예요건 다중조건표(labeled_table_row 검토 필요). 일반 보금자리론(LON-MTG-004/005)과 조항 중복도 확인 필요. 미검토
중도금대출 상품설명서.pdf,LON,중도금대출,상품설명서,v1,active,조회_설명서/대출/중도금대출 상품설명서.pdf,LON-MID-001,2021-09,5-16-0125(2-1),TBD,HANA,,2면 중 1면 중복(은행용/고객용 동일내용). 조항 12개(①~⑫) 항목단위 청킹 권장. 준법감시인 심의필 제 2021-상품-172호. 미검토
중도금대출상품설명서(기업대출용).pdf,LON,중도금대출,상품설명서,v1,active,조회_설명서/대출/중도금대출상품설명서(기업대출용).pdf,LON-MID-002,2023-10,5-06-1050(2-1),TBD,HANA,기업대출,2면 중 1면 중복(은행보관용/고객보관용 동일내용). 조항 11개(①~⑪) 항목단위 청킹 권장. 가계용(LON-MID-001) 대비 조항 일부 통합·삭제됨(사회보험 확인서 조항 없음). 준법감시인 심의필 제 2023-설명서-107호(2023.09.20). 미검토
개인형 IRP 핵심설명서.pdf,PEN,개인형IRP,핵심설명서,v1,active,조회_설명서/연금/개인형 IRP 핵심설명서.pdf,PEN-IRP-001,2026-02,5-20-0007,TBD,ALL,신탁,5면 구성: 1면 수수료부과 매트릭스(대면·온라인 x 회사부담금·개인부담금 x 3구간)+중도해지세제+연금수령조건+연간납입한도+적립금운용(callout_card) / 2면 상품개요·가입대상·납입한도·세제혜택·계약기간(callout_card) / 3면 적용세율표+상품운용+중도인출(labeled_table_row 검토 필요) / 4면 수수료율표+할인조건 8종+사전지정운용 수수료구간표 / 5면 디폴트옵션 프로세스 다이어그램(이미지라 텍스트 추출 불가). 금융감독원 배포 전금융기관 공통양식으로 타행본과 본문 동일 가능성 높음. 미검토
외국인증권투자 외화예금 약관.pdf,FX,외화예금,약관,v1,active,조회_설명서/외환/외국인증권투자 외화예금 약관.pdf,FX-DEP-002,2021-03,,article_clause,HANA,증권투자,제1~6조. 표 없음. 1면 단문약관. 제6조(약관의 변경)는 외화예금거래기본약관(FX-DEP-001) 제6조를 준용 - 기확보됨. 미검토
외환거래기본약관.pdf,FX,외환거래,약관,v1,active,조회_설명서/외환/외환거래기본약관.pdf,FX-CMN-001,2021-03,,article_clause,HANA,COR,제1~8조. 표 없음. 제5조제5항은 은행여신거래기본약관(기업용) 준용 - 해당 약관 확보 필요. 제7조는 국제상업회의소 추심에관한통일규칙·전자무역업무기본약관·전자금융거래기본약관·전자금융서비스이용약관 준용 - 해당 약관들 확보 필요. 미검토
